FirstName,LastName,Age,Weight,Gender
Shira,Smith,57,145.88,Male
David,Garcia,37,111.86,Male
Asher,Jones,31,150.71,Male
Miriam,Martinez,19,153.22,Male
Asher,Johnson,49,197,Male
Noa,Rodriguez,54,116.36,Male
Naftali,Martinez,40,112.13,Male
Tzvi,Jones,49,119.36,Male
Noa,Rodriguez,65,144.46,Male
Nachum,Brown,25,112.63,Male
Tzvi,Brown,23,197.81,Male
Miriam,Jones,20,166.3,Male
Noa,Miller,51,130.26,Male
Ayala,Miller,43,104.81,Female
Shira,Brown,46,127.41,Male
Tamar,Miller,19,159.94,Male
Yakov,Williams,50,182.21,Male
Ayala,Brown,22,129.13,Male
Tzvi,Jones,43,103.63,Male
David,Davis,56,188.23,Male
Tzvi,Davis,45,179.33,Male
Yonatan,Brown,57,143.15,Male
Yonatan,Rodriguez,22,115.74,Male
Tamar,Miller,31,148.51,Male
Tzvi,Rodriguez,32,156.3,Male
Tamar,Williams,51,184.75,Male
Ayala,Johnson,60,104.68,Male
Avi,Brown,30,166.25,Male
Yakov,Rodriguez,68,154.39,Male
David,Williams,52,111.42,Male
Naftali,Jones,42,126.97,Male
Naftali,Brown,33,113.22,Male
Noa,Martinez,37,112.02,Male
Miriam,Davis,70,169.69,Female
Ayala,Williams,34,130.87,Male
Ayala,Davis,61,140.54,Male
Asher,Smith,41,179.64,Male
Yakov,Garcia,56,114.81,Male
Miriam,Miller,40,144.44,Male
Yonatan,Rodriguez,20,121.88,Male
Nachum,Smith,23,154.12,Male
Tova,Jones,49,129.55,Male
Hadas,Martinez,56,148.96,Male
Hadas,Miller,47,147.64,Male
Naftali,Williams,64,185.65,Male
Shira,Smith,59,104.03,Male
Michal,Johnson,23,113.66,Female
Tzvi,Rodriguez,21,166.9,Male
Yakov,Jones,44,119.38,Male
Yonatan,Smith,66,106.78,Male
Ayala,Williams,56,187.28,Female
Tamar,Garcia,32,137.79,Male
Hadas,Miller,38,162.72,Male
Yakov,Johnson,62,195.7,Male
Tova,Jones,67,194,Male
Asher,Martinez,60,114.85,Male
Shira,Johnson,57,132.62,Male
Ayala,Johnson,21,142.18,Male
Yakov,Davis,70,193.33,Male
Avi,Miller,22,142.11,Male
Tamar,Martinez,48,143.67,Male
Ayala,Martinez,55,147.81,Male
Ayala,Brown,58,102.07,Male
David,Rodriguez,37,155.25,Male
Avi,Martinez,24,191.96,Male
Shira,Brown,62,107.21,Male
Hadas,Jones,62,169.45,Male
Shira,Davis,31,168.4,Male
Hadas,Rodriguez,57,146.58,Male
Miriam,Martinez,53,153.91,Female
Ayala,Garcia,27,192.19,Male
Naftali,Martinez,47,111.12,Male
Tamar,Johnson,47,147.45,Female
Yonatan,Miller,56,183.23,Male
Naftali,Rodriguez,46,146.1,Male
Nachum,Garcia,24,107.32,Male
Hadas,Johnson,65,163.73,Male
David,Garcia,38,116.75,Male
Michal,Martinez,67,169.72,Male
Yonatan,Martinez,29,134.86,Male
Michal,Miller,68,196.6,Male
Tamar,Davis,35,152.26,Male
Naftali,Williams,49,153.76,Male
Shira,Brown,47,196.33,Male
Tamar,Martinez,44,176.91,Male
Naftali,Davis,47,129.74,Male
Miriam,Martinez,33,182.3,Male
Yakov,Williams,41,142.03,Male
David,Johnson,61,131.98,Male
Nachum,Martinez,49,134.52,Male
Miriam,Williams,56,101.99,Male
Avi,Brown,40,188.94,Male
Michal,Miller,70,161.84,Female
Yonatan,Martinez,31,144.77,Male
Tova,Garcia,18,125.76,Male
Tzvi,Brown,59,131.59,Male
Avi,Rodriguez,37,184.44,Male
Tzvi,Johnson,22,111.56,Male
Yonatan,Williams,32,129.6,Male
Avi,Rodriguez,24,156.08,Male
Michal,Smith,23,116.96,Female
Miriam,Johnson,61,170.96,Female
Hadas,Jones,69,128.98,Male
Noa,Brown,52,126.96,Female
Asher,Martinez,37,178.57,Male
David,Jones,20,187.24,Male
Tzvi,Brown,68,114.26,Male
Tamar,Williams,45,190.26,Male
Tova,Rodriguez,34,123.92,Male
Nachum,Rodriguez,56,118.4,Male
Tamar,Smith,45,164.73,Male
Yakov,Rodriguez,51,196.48,Male
Tamar,Williams,48,154.46,Male
Yonatan,Smith,23,121.24,Male
Tzvi,Rodriguez,24,183.34,Male
Ayala,Miller,55,196.01,Male
David,Martinez,21,135.53,Male
Naftali,Garcia,22,148.15,Male
Ayala,Smith,64,142.6,Male
Yakov,Davis,62,189.28,Male
Michal,Brown,70,125.67,Male
Naftali,Davis,26,165.83,Male
Naftali,Rodriguez,40,126.12,Male
Yonatan,Johnson,63,169.66,Male
Miriam,Rodriguez,55,195.36,Male
Tzvi,Miller,26,170.18,Male
Naftali,Brown,60,114.97,Male
Miriam,Rodriguez,44,126.99,Male
Naftali,Smith,66,185.47,Male
Avi,Smith,56,166.18,Male
Naftali,Rodriguez,44,100.14,Male
Naftali,Miller,59,131.51,Male
Tamar,Brown,24,150.55,Male
Yonatan,Miller,21,186.84,Male
Michal,Johnson,28,182.94,Male
Miriam,Martinez,69,111.42,Female
Hadas,Garcia,25,122.46,Male
Avi,Jones,38,153.31,Male
Tamar,Davis,31,158.72,Male
Naftali,Jones,42,169.51,Male
Michal,Brown,27,160.33,Male
Noa,Brown,24,113.26,Female
Yakov,Martinez,45,112.62,Male
Ayala,Rodriguez,26,117.6,Male
Shira,Brown,54,141.66,Male
Asher,Rodriguez,67,124.19,Male
Tamar,Garcia,40,151.8,Male
Noa,Johnson,46,145.27,Male
Naftali,Brown,50,112.7,Male
Tamar,Martinez,33,118.43,Male
Miriam,Jones,60,100.54,Female
Yonatan,Miller,39,128.77,Male
Naftali,Davis,68,186.09,Male
Yakov,Williams,31,173.98,Male
Tova,Rodriguez,59,187.43,Male
Hadas,Davis,47,131.34,Male
Tzvi,Martinez,59,101.51,Male
Tamar,Davis,61,102.04,Male
Tamar,Smith,68,170.87,Female
Shira,Martinez,31,166.42,Male
Shira,Martinez,64,194.71,Male
Yonatan,Davis,66,124.47,Male
Yakov,Davis,67,113.33,Male
Tzvi,Miller,26,166.91,Male
Miriam,Martinez,44,129,Female
Avi,Martinez,57,133.94,Male
Shira,Rodriguez,32,192.03,Male
Yakov,Martinez,41,170.62,Male
Tzvi,Brown,42,122.12,Male
Miriam,Brown,56,173.49,Male
Yonatan,Garcia,24,173.51,Male
Asher,Davis,69,169.24,Male
Nachum,Martinez,25,162.24,Male
Miriam,Garcia,52,193.43,Male
Avi,Jones,33,146.75,Male
Miriam,Miller,45,195.32,Male
Asher,Miller,54,132.09,Male
Tamar,Brown,65,136.49,Female
Nachum,Smith,18,155.33,Male
Noa,Davis,50,116.76,Male
Ayala,Brown,39,156.34,Male
Tamar,Brown,62,127.77,Male
Noa,Johnson,42,167.95,Female
Asher,Brown,57,115.71,Male
Yonatan,Rodriguez,47,154.48,Male
Naftali,Garcia,36,102.84,Male
Michal,Martinez,67,125.24,Male
Nachum,Garcia,57,118.72,Male
Michal,Jones,45,103.52,Male
Nachum,Garcia,45,102.26,Male
Noa,Garcia,62,163.9,Female
Ayala,Rodriguez,66,145.8,Male
Yakov,Smith,63,173.77,Male
Naftali,Miller,63,104.95,Male
Hadas,Garcia,38,116.09,Male
Tzvi,Johnson,32,124.69,Male
Yakov,Rodriguez,56,107.48,Male
Hadas,Garcia,22,148.65,Male
Hadas,Davis,62,139.56,Male
Miriam,Williams,45,118.24,Female
Michal,Davis,39,162.79,Male
Ayala,Smith,35,110.87,Male
Nachum,Williams,58,185.26,Male
Avi,Smith,45,159.5,Male
Tamar,Martinez,28,196.69,Male
Asher,Johnson,26,195.76,Male
Shira,Rodriguez,27,169.19,Male
Yonatan,Martinez,61,175.39,Male
Yonatan,Garcia,39,146.93,Male
Hadas,Martinez,63,111.34,Male
Miriam,Martinez,49,120.95,Male
Michal,Williams,36,178.46,Male
David,Jones,31,126.68,Male
Naftali,Williams,18,169.48,Male
Hadas,Rodriguez,57,196.59,Female
David,Garcia,50,104.88,Male
Yakov,Smith,27,126.14,Male
Tova,Williams,70,147.35,Male
Miriam,Miller,44,181.12,Male
Tova,Miller,28,112.54,Female
Asher,Johnson,45,158.65,Male
Yonatan,Brown,44,147.37,Male
Hadas,Smith,66,133.14,Male
Asher,Rodriguez,38,111.04,Male
Ayala,Johnson,32,122.4,Male
Yakov,Smith,30,167.57,Male
Nachum,Garcia,55,121.19,Male
Shira,Davis,38,102.75,Male
Ayala,Martinez,49,168.22,Male
Tzvi,Johnson,37,197.92,Male
Michal,Brown,53,118.49,Male
Miriam,Davis,45,151.69,Male
Tova,Williams,37,162.46,Male
Tamar,Davis,68,182.31,Female
Miriam,Jones,65,199.95,Male
Asher,Jones,34,116.41,Male
Naftali,Williams,20,119.46,Male
Shira,Brown,51,127.38,Male
Asher,Smith,60,171.43,Male
Miriam,Brown,63,186.78,Female
Ayala,Davis,26,126.96,Female
Nachum,Jones,65,183.91,Male
Miriam,Davis,55,114.94,Male
Nachum,Rodriguez,28,142.83,Male
Yonatan,Miller,32,185.14,Male
Asher,Davis,25,193.57,Male
Avi,Miller,28,122.69,Male
Hadas,Garcia,50,144.05,Male
Yakov,Jones,49,194.18,Male
Michal,Rodriguez,59,110.3,Male
Yonatan,Johnson,34,170.6,Male
Tzvi,Brown,29,171.5,Male
Tova,Martinez,42,165.73,Male
Noa,Williams,32,121.84,Male
Noa,Brown,44,101.94,Male
Nachum,Smith,35,170.46,Male
Yonatan,Garcia,39,131.03,Male
Tova,Brown,54,144.06,Male
Tamar,Rodriguez,51,116.45,Male
Yakov,Williams,70,179.45,Male
Shira,Rodriguez,39,198.8,Male
Shira,Jones,69,114.68,Male
Naftali,Williams,62,113.09,Male
Avi,Garcia,31,131.42,Male
Noa,Jones,47,164.96,Male
Shira,Smith,48,148.24,Male
Miriam,Smith,67,181.78,Male
David,Johnson,63,138.46,Male
Tova,Johnson,35,145.19,Male
Ayala,Garcia,29,116.51,Male
Hadas,Miller,21,180.49,Male
Naftali,Smith,43,194.6,Male
Nachum,Williams,28,144.01,Male
Tova,Williams,49,157.41,Male
Tova,Williams,44,152.89,Male
Noa,Johnson,54,165.92,Male
Ayala,Williams,30,117.15,Female
Yonatan,Garcia,35,196.07,Male
Naftali,Jones,36,122.49,Male
Ayala,Brown,22,141.76,Male
Yakov,Garcia,24,188.71,Male
Hadas,Davis,42,151.5,Male
Hadas,Martinez,25,144.23,Male
Nachum,Martinez,31,176.74,Male
Shira,Miller,35,194,Female
Tamar,Brown,51,195.55,Male
Ayala,Davis,27,113.68,Male
Avi,Davis,34,194.59,Male
David,Johnson,33,151.78,Male
Noa,Martinez,70,171.74,Male
Naftali,Brown,54,174.94,Male
Ayala,Garcia,47,191.17,Male
David,Martinez,62,119.04,Male
Asher,Rodriguez,38,119.47,Male
David,Martinez,20,114.5,Male
Yakov,Davis,63,144.25,Male
Shira,Jones,53,169.76,Male
Yakov,Garcia,34,112.46,Male
Yakov,Garcia,63,144.16,Male
Tzvi,Smith,50,168.56,Male
Noa,Brown,70,165.05,Male
Tamar,Brown,62,197.53,Male
David,Jones,53,186.13,Male
Nachum,Martinez,67,164.43,Male
Tzvi,Johnson,28,185.05,Male
Tova,Rodriguez,46,169.07,Male
Ayala,Davis,46,123.44,Male
David,Miller,32,182.21,Male
David,Davis,59,169.16,Male
Asher,Johnson,35,135.81,Male
Ayala,Brown,39,144.98,Male
Naftali,Johnson,53,181.68,Male
Asher,Williams,32,114.4,Male
Avi,Williams,66,152.79,Male
Naftali,Brown,50,146.36,Male
Tzvi,Rodriguez,54,161.55,Male
Tamar,Jones,49,175.71,Male
Nachum,Martinez,62,109.67,Male
Michal,Williams,18,122.15,Male
Ayala,Brown,24,115.38,Male
Hadas,Jones,66,169.5,Male
David,Brown,18,154.97,Male
Tzvi,Jones,51,163.69,Male
Yonatan,Johnson,30,153.47,Male
Tova,Jones,45,199.22,Male
David,Johnson,18,199.64,Male
Shira,Garcia,52,198.49,Male
Yakov,Rodriguez,46,191.05,Male
Tamar,Jones,53,185.16,Male
Tzvi,Williams,39,152.27,Male
Naftali,Davis,19,148.59,Male
Nachum,Davis,41,186.67,Male
Tzvi,Brown,36,112.96,Male
Yakov,Garcia,39,147.52,Male
Shira,Garcia,37,126.56,Male
Yakov,Garcia,26,179.63,Male
Asher,Jones,19,114.79,Male
Asher,Rodriguez,23,133.81,Male
Tamar,Garcia,29,124.05,Male
Hadas,Miller,36,122.87,Female
Ayala,Rodriguez,63,197.74,Male
Asher,Smith,45,125.2,Male
Michal,Garcia,35,152.78,Male
Yakov,Miller,42,146.47,Male
Yonatan,Jones,31,159.99,Male
Noa,Williams,41,191.91,Female
Asher,Brown,24,115.93,Male
Yakov,Martinez,39,116.8,Male
Miriam,Martinez,63,133.63,Male
Naftali,Johnson,58,188.11,Male
Miriam,Miller,20,140.87,Male
Asher,Davis,69,185.29,Male
Yonatan,Williams,64,121.18,Male
Hadas,Miller,36,132.52,Male
Nachum,Williams,45,156.03,Male
Michal,Rodriguez,23,177.46,Male
Miriam,Miller,35,179,Male
Naftali,Davis,57,133.35,Male
David,Rodriguez,68,100.11,Male
Tzvi,Smith,41,154.84,Male
Nachum,Johnson,68,169.04,Male
Yakov,Davis,68,125.68,Male
Ayala,Johnson,66,106.28,Male
Yonatan,Williams,20,171.74,Male
Tamar,Williams,43,103.68,Male
Ayala,Rodriguez,28,127.3,Female
Michal,Brown,33,105.73,Male
Miriam,Johnson,25,114.72,Male
Yonatan,Miller,66,196.33,Male
Ayala,Rodriguez,26,105.48,Male
Nachum,Martinez,38,187.39,Male
Michal,Williams,43,155.59,Male
Avi,Martinez,43,116.74,Male
Yakov,Rodriguez,67,178.4,Male
Tamar,Smith,20,168.22,Male
Yakov,Rodriguez,49,123.49,Male
David,Jones,55,177.96,Male
Tova,Garcia,37,189.72,Male
Michal,Johnson,63,173.47,Male
Shira,Jones,30,124.74,Male
Tova,Johnson,54,133.29,Male
Noa,Davis,62,155.07,Male
Shira,Garcia,53,182.61,Male
Asher,Miller,48,161.48,Male
Nachum,Miller,34,157.85,Male
Nachum,Garcia,40,148.12,Male
Noa,Davis,69,185.04,Male
Hadas,Davis,57,182.18,Male
Hadas,Martinez,18,112.23,Male
Tamar,Brown,64,114.75,Male
Naftali,Brown,40,115.51,Male
Nachum,Martinez,33,126.2,Male
Naftali,Smith,33,164.1,Male
Asher,Brown,23,101.95,Male
Tamar,Brown,56,136.06,Male
Tzvi,Martinez,70,178.72,Male
Yonatan,Davis,19,102.52,Male
Asher,Davis,67,142.8,Male
Nachum,Miller,45,178.28,Male
Naftali,Smith,54,112.37,Male
Avi,Garcia,62,145.37,Male
Ayala,Davis,69,161.51,Male
Shira,Miller,52,110.56,Female
Yakov,Rodriguez,18,189.43,Male
Avi,Davis,21,163.29,Male
Tzvi,Miller,47,187.69,Male
Ayala,Jones,48,118.24,Male
Naftali,Williams,47,120.39,Male
Yakov,Rodriguez,30,136.41,Male
Noa,Miller,60,130.47,Male
Naftali,Smith,40,113.51,Male
Noa,Smith,49,105.92,Male
Ayala,Williams,69,156.98,Male
Yonatan,Davis,19,143.66,Male
Asher,Williams,68,124.08,Male
Miriam,Miller,49,159.92,Male
Shira,Rodriguez,45,113.9,Male
Nachum,Williams,59,170.84,Male
Shira,Miller,18,168.45,Male
Michal,Miller,34,181.24,Male
Shira,Williams,28,185.05,Male
Avi,Brown,40,169.66,Male
Hadas,Miller,28,173.02,Male
Tzvi,Davis,60,185.57,Male
Noa,Miller,29,110.25,Male
Naftali,Williams,45,116.93,Male
Avi,Williams,19,121.35,Male
Shira,Martinez,23,104.36,Male
David,Rodriguez,53,130.31,Male
Tova,Rodriguez,54,123.45,Female
Tzvi,Smith,35,106.96,Male
Asher,Rodriguez,61,193.14,Male
Tova,Johnson,65,112.57,Male
David,Jones,41,137.01,Male
Asher,Smith,27,189.25,Male
Shira,Brown,35,133.5,Male
Tzvi,Rodriguez,59,127.78,Male
Naftali,Rodriguez,47,115.69,Male
Noa,Davis,30,155.52,Male
Michal,Miller,59,120.48,Male
Tova,Miller,62,149.92,Male
Tova,Garcia,49,161.92,Male
Shira,Brown,51,155.88,Male
Hadas,Jones,33,192.1,Male
Miriam,Johnson,67,141.08,Male
David,Garcia,59,123.23,Male
Yakov,Smith,63,162.81,Male
Nachum,Williams,31,133.91,Male
Yonatan,Miller,37,198.23,Male
Tzvi,Jones,40,170.59,Male
Miriam,Martinez,38,168.21,Male
Tamar,Rodriguez,63,126.02,Male
Hadas,Davis,53,124.81,Male
Michal,Jones,66,183.74,Male
Hadas,Brown,42,124.42,Male
Naftali,Garcia,39,103.4,Male
Tzvi,Jones,37,189.85,Male
Asher,Martinez,53,159.44,Male
Nachum,Williams,23,114.47,Male
Noa,Brown,48,121.11,Male
Michal,Davis,50,153,Male
Tzvi,Williams,33,132.51,Male
Asher,Rodriguez,52,188.8,Male
David,Smith,31,152.25,Male
Nachum,Rodriguez,40,108.13,Male
Noa,Brown,30,143.17,Male
Avi,Martinez,63,195.61,Male
Shira,Jones,31,168.81,Male
Ayala,Garcia,37,142.82,Male
Naftali,Smith,53,118.63,Male
Yonatan,Rodriguez,49,160.02,Male
Yakov,Johnson,56,163.79,Male
Shira,Garcia,32,173.23,Male
Tamar,Smith,66,171.93,Male
Asher,Smith,61,199.14,Male
Avi,Jones,41,182.63,Male
Yakov,Williams,54,107.57,Male
Hadas,Martinez,60,123.07,Male
Michal,Rodriguez,22,138.57,Male
Naftali,Martinez,18,199.13,Male
David,Smith,35,182.31,Male
Ayala,Johnson,54,177.73,Male
Yakov,Williams,49,120.27,Male
Avi,Smith,55,163.49,Male
Miriam,Davis,69,175.83,Male
Miriam,Jones,22,163.15,Male
Hadas,Jones,40,106.14,Male
Naftali,Smith,55,163.21,Male
Hadas,Garcia,34,118.25,Male
Noa,Smith,62,127.54,Male
Avi,Martinez,21,194.99,Male
Michal,Rodriguez,44,145.63,Male
Michal,Martinez,52,132.84,Male
Yakov,Garcia,22,167.6,Male
Nachum,Johnson,44,147.01,Male
Shira,Garcia,27,107.51,Female
Tamar,Smith,56,180.99,Male
Miriam,Jones,39,147.6,Male
Miriam,Rodriguez,46,182.3,Male
Yakov,Miller,42,122.66,Male
Avi,Miller,53,114.87,Male
Tamar,Brown,39,139.18,Male
Michal,Smith,48,185.59,Male
Asher,Rodriguez,66,177.56,Male
Hadas,Martinez,51,132.53,Male
Shira,Garcia,54,191.3,Male
Michal,Smith,52,188.11,Female
Tzvi,Jones,38,179.52,Male
Tamar,Brown,70,114.56,Female
Yakov,Jones,45,193.12,Male
Miriam,Davis,53,123.67,Male
Miriam,Davis,46,131.35,Male
Tamar,Williams,54,194.3,Female
Naftali,Jones,70,124.7,Male
Avi,Miller,37,183.53,Male
Shira,Martinez,33,159.34,Male
David,Johnson,29,128.42,Male
Yonatan,Brown,39,125.67,Male
Shira,Martinez,64,187.03,Male
Noa,Garcia,39,108.94,Male
Miriam,Rodriguez,19,183.28,Male
Noa,Jones,43,140.95,Male
Naftali,Williams,45,180.88,Male
Yakov,Jones,52,187.89,Male
Asher,Martinez,53,190.81,Male
Yakov,Williams,23,102.32,Male
Asher,Williams,65,199.96,Male
Asher,Garcia,21,114.88,Male
Naftali,Garcia,34,142.74,Male
Avi,Martinez,28,115.13,Male
Michal,Davis,66,179.09,Male
Tzvi,Rodriguez,39,157.17,Male
Nachum,Smith,51,149.59,Male
Hadas,Davis,70,121.19,Male
Miriam,Miller,44,131.23,Male
Yakov,Martinez,25,150.82,Male
Miriam,Martinez,62,196.62,Male
Nachum,Garcia,45,176.54,Male
Ayala,Davis,18,126.9,Male
Michal,Martinez,25,181.78,Male
Tamar,Garcia,32,198.11,Male
Nachum,Smith,29,143.73,Male
Tamar,Johnson,49,162.54,Male
Tova,Miller,37,152.57,Male
Tzvi,Martinez,38,188.47,Male
Michal,Martinez,54,177.71,Male
Ayala,Davis,55,131.57,Female
Avi,Brown,56,140.73,Male
Tamar,Jones,63,185.74,Male
Ayala,Johnson,55,137.74,Male
Ayala,Brown,52,143.84,Female
Michal,Miller,63,158.88,Male
Naftali,Martinez,55,170.1,Male
Tzvi,Davis,25,100.92,Male
Michal,Miller,65,169.14,Male
Asher,Johnson,46,113.13,Male
Miriam,Jones,31,141.75,Male
Nachum,Jones,64,183.58,Male
Nachum,Johnson,29,156.34,Male
Tamar,Garcia,33,106.78,Female
Tova,Miller,61,154.91,Male
Miriam,Williams,27,172.96,Male
Michal,Davis,56,165.15,Male
Michal,Garcia,36,140.05,Male
Tamar,Davis,32,119.7,Female
David,Johnson,59,151.26,Male
Nachum,Williams,22,137.1,Male
Shira,Johnson,20,143.01,Male
Tova,Davis,30,175.43,Male
Hadas,Miller,59,105.62,Male
Michal,Miller,49,128.75,Male
Tamar,Williams,30,150.52,Male
Tzvi,Williams,34,195.09,Male
Noa,Jones,59,179.15,Male
Michal,Brown,54,100.94,Male
Yakov,Garcia,38,187.78,Male
Ayala,Garcia,24,110.24,Male
Michal,Williams,43,120.54,Female
Michal,Garcia,45,190.88,Male
Tova,Jones,28,189.79,Male
Nachum,Jones,56,100.47,Male
Tzvi,Jones,59,122.65,Male
Nachum,Smith,20,193.66,Male
Tova,Smith,43,101.77,Male
Hadas,Brown,36,167.41,Female
Nachum,Smith,31,127.92,Male
Avi,Davis,64,118.33,Male
Miriam,Rodriguez,33,132.98,Male
Hadas,Davis,53,102.43,Female
Asher,Davis,26,168.23,Male
Avi,Miller,69,136.4,Male
Ayala,Smith,40,148.55,Male
Hadas,Miller,20,122.56,Female
Shira,Martinez,37,164.72,Male
Tova,Smith,69,133.76,Male
Michal,Johnson,61,161,Male
Nachum,Smith,47,173.67,Male
Tova,Rodriguez,69,160.96,Male
Naftali,Smith,36,161.97,Male
Naftali,Jones,47,131.36,Male
Noa,Williams,65,121.95,Male
Ayala,Miller,50,121.93,Male
Asher,Brown,67,185.36,Male
Shira,Jones,54,193.18,Male
Naftali,Johnson,39,109.47,Male
David,Rodriguez,68,149.43,Male
Avi,Johnson,19,149.66,Male
Noa,Davis,48,172.71,Male
Nachum,Williams,66,116.48,Male
Michal,Jones,38,150.6,Male
Avi,Smith,49,116.65,Male
Avi,Garcia,21,105.9,Male
Hadas,Brown,29,130.98,Male
Tzvi,Brown,51,179.95,Male
Nachum,Brown,46,142.36,Male
Yakov,Miller,64,139.62,Male
Noa,Johnson,37,150.98,Male
Miriam,Davis,40,149.16,Male
David,Johnson,59,123.22,Male
Tova,Brown,62,172.11,Male
Naftali,Jones,51,153.31,Male
Miriam,Jones,54,104.18,Male
Tova,Garcia,31,100.63,Male
Yonatan,Jones,31,133.46,Male
Nachum,Martinez,44,189.54,Male
Miriam,Garcia,50,124.12,Female
Nachum,Garcia,50,174.24,Male
Asher,Davis,50,150.31,Male
Tova,Miller,68,181.78,Male
David,Garcia,54,105.05,Male
Avi,Williams,36,143.9,Male
Shira,Brown,65,102.35,Male
Michal,Williams,65,190.94,Male
Yakov,Jones,49,163.71,Male
Michal,Davis,67,146.97,Male
Asher,Williams,31,159.82,Male
Yonatan,Rodriguez,45,166.76,Male
David,Rodriguez,43,101.53,Male
Avi,Smith,24,105.38,Male
David,Rodriguez,64,152.76,Male
Michal,Brown,44,149.84,Male
Shira,Johnson,34,161.38,Male
Tamar,Davis,51,131.82,Male
Hadas,Johnson,58,100.15,Male
Tamar,Martinez,22,157.89,Male
Miriam,Miller,30,150.23,Male
Naftali,Rodriguez,62,111.58,Male
Hadas,Miller,38,166.17,Male
Hadas,Miller,65,119.56,Male
Yakov,Garcia,51,148.43,Male
Naftali,Williams,47,173.81,Male
Naftali,Smith,24,182.87,Male
Asher,Rodriguez,34,166.49,Male
Avi,Garcia,44,179.79,Male
David,Davis,61,126.39,Male
Noa,Martinez,35,121.72,Female
Tzvi,Miller,56,144.04,Male
Avi,Brown,61,109.77,Male
Noa,Jones,43,134.76,Male
Tamar,Johnson,21,101.16,Male
Tova,Miller,26,180.96,Male
Naftali,Jones,57,195.46,Male
Shira,Martinez,38,135.86,Male
Avi,Garcia,34,116.52,Male
Tamar,Davis,27,149.47,Male
Yonatan,Smith,52,127.76,Male
Tzvi,Williams,57,189.76,Male
Shira,Williams,45,199.68,Male
Michal,Brown,24,105.83,Male
Tamar,Williams,46,149.52,Female
Shira,Jones,68,161.85,Male
Tzvi,Williams,64,185.34,Male
Tzvi,Miller,61,151.38,Male
Avi,Williams,63,110.46,Male
Tamar,Johnson,65,110.81,Male
Tzvi,Davis,51,165.24,Male
Tzvi,Johnson,44,163.53,Male
Michal,Jones,64,149.44,Male
Yonatan,Jones,50,163.22,Male
Avi,Rodriguez,35,199.38,Male
Asher,Rodriguez,48,182.21,Male
Miriam,Miller,52,121.53,Male
Noa,Davis,18,101.14,Male
Avi,Jones,22,109.25,Male
Nachum,Miller,36,180.1,Male
Miriam,Smith,41,198,Male
Ayala,Davis,35,112.6,Male
Ayala,Williams,44,103.75,Male
Hadas,Davis,45,188.09,Male
Yonatan,Brown,39,108.21,Male
Tzvi,Davis,51,179.13,Male
Naftali,Johnson,35,119.79,Male
Tamar,Martinez,21,193.48,Male
Asher,Rodriguez,32,139.44,Male
Avi,Davis,66,136.97,Male
Miriam,Martinez,27,151.4,Male
Tova,Rodriguez,44,136.87,Male
Ayala,Williams,36,176.3,Male
Yonatan,Brown,69,100.98,Male
Tamar,Miller,54,196.36,Female
Yonatan,Williams,29,151.97,Male
Asher,Brown,38,176.41,Male
Yakov,Brown,44,167.48,Male
Avi,Garcia,63,167.8,Male
Naftali,Williams,64,180.99,Male
Hadas,Davis,24,134.4,Male
Michal,Martinez,30,109.96,Male
Hadas,Williams,64,164.31,Male
Tova,Jones,23,162.42,Male
Hadas,Rodriguez,26,143.28,Male
Yakov,Rodriguez,38,196.16,Male
Tamar,Brown,18,199.83,Male
David,Davis,63,199.37,Male
Noa,Johnson,45,167.51,Male
Yonatan,Williams,54,181.87,Male
Tzvi,Johnson,52,174.8,Male
Tzvi,Miller,21,122.58,Male
Shira,Garcia,26,198.21,Male
Ayala,Jones,24,127.56,Male
Shira,Martinez,61,184.74,Male
Nachum,Garcia,51,149.12,Male
Yonatan,Rodriguez,30,127.46,Male
Miriam,Davis,36,106.98,Male
Nachum,Rodriguez,30,123.03,Male
Hadas,Brown,40,181.62,Male
Miriam,Garcia,55,162.91,Male
Nachum,Williams,62,169.1,Male
Hadas,Miller,34,119.71,Male
Avi,Jones,48,138.38,Male
Asher,Brown,37,164.33,Male
Avi,Davis,64,180.28,Male
David,Brown,21,156.63,Male
Miriam,Martinez,44,186.41,Male
Noa,Miller,63,149.88,Male
Hadas,Johnson,60,188.66,Male
David,Davis,25,132.52,Male
Ayala,Smith,61,122.89,Male
Naftali,Rodriguez,56,142.11,Male
Tova,Miller,44,170.11,Male
Yonatan,Martinez,59,160.45,Male
Yonatan,Johnson,43,150.5,Male
Noa,Brown,18,197.91,Male
Shira,Rodriguez,33,195.09,Male
David,Martinez,36,180.24,Male
Asher,Garcia,35,135.47,Male
David,Miller,49,187.77,Male
Nachum,Garcia,25,118.52,Male
Yonatan,Garcia,46,160.51,Male
Avi,Jones,65,143.39,Male
Michal,Brown,34,164.62,Male
Hadas,Garcia,70,150.58,Male
Yakov,Williams,67,186.33,Male
Tova,Martinez,18,183.89,Male
Tamar,Rodriguez,39,117.95,Male
Tzvi,Williams,33,183.95,Male
Nachum,Miller,47,137.73,Male
Tova,Johnson,61,124.42,Male
Yonatan,Williams,33,150.69,Male
David,Martinez,54,173.22,Male
Yakov,Smith,31,101.55,Male
Miriam,Miller,33,195.46,Male
Yakov,Garcia,67,159.1,Male
Avi,Garcia,47,152.29,Male
David,Garcia,45,119.65,Male
Noa,Garcia,64,159.49,Male
Asher,Jones,69,122.22,Male
Tamar,Williams,64,127.34,Male
Noa,Williams,25,137.36,Male
Avi,Johnson,42,107.47,Male
David,Miller,41,186.84,Male
Ayala,Jones,30,193.62,Male
Avi,Rodriguez,21,147.1,Male
Nachum,Garcia,43,123.76,Male
Yonatan,Martinez,19,132.12,Male
Tova,Rodriguez,52,179.59,Male
Ayala,Johnson,67,109.12,Male
Naftali,Williams,22,136.39,Male
Tamar,Martinez,51,113.16,Male
Tova,Rodriguez,54,116.9,Male
Avi,Johnson,35,141.57,Male
Avi,Williams,55,162.85,Male
Shira,Brown,56,179.14,Male
Asher,Smith,57,187.17,Male
Naftali,Martinez,44,121.67,Male
Tzvi,Rodriguez,50,192.41,Male
Miriam,Smith,46,143.02,Male
Miriam,Williams,35,183.42,Male
Avi,Jones,69,127.72,Male
Miriam,Garcia,41,148.41,Male
Nachum,Martinez,64,188.42,Male
Avi,Rodriguez,25,178.93,Male
Yonatan,Jones,48,125.47,Male
Tova,Williams,36,117.42,Male
Ayala,Jones,18,105.59,Male
Nachum,Smith,24,161.4,Male
Tzvi,Martinez,33,134.08,Male
Michal,Jones,41,179.33,Male
Yakov,Williams,40,198.02,Male
Miriam,Johnson,50,140.64,Male
Yonatan,Garcia,70,106.22,Male
Avi,Martinez,46,111.04,Male
Ayala,Johnson,61,104.77,Male
Noa,Jones,37,114.22,Male
Noa,Davis,18,160.17,Male
David,Williams,65,154.29,Male
Naftali,Smith,62,148.39,Male
Michal,Miller,51,106.13,Male
Nachum,Rodriguez,18,189.11,Male
Nachum,Smith,38,115.96,Male
Noa,Brown,33,172.03,Male
Nachum,Rodriguez,50,197.47,Male
Michal,Garcia,19,160.44,Male
Noa,Williams,21,182.47,Male
Michal,Miller,24,164.76,Male
Tova,Garcia,29,191.76,Male
Yakov,Brown,36,136.48,Male
Noa,Davis,69,170.78,Male
Asher,Williams,65,113.03,Male
Tzvi,Garcia,19,158.63,Male
Hadas,Jones,30,170.5,Male
Michal,Johnson,45,136.36,Male
Ayala,Miller,32,187.47,Female
Miriam,Davis,53,177.77,Male
Naftali,Brown,19,169.62,Male
David,Smith,45,196.75,Male
Naftali,Rodriguez,48,183.11,Male
Avi,Johnson,60,158.51,Male
Hadas,Davis,56,141.86,Male
Ayala,Williams,37,169.79,Male
Tamar,Davis,29,100.43,Male
Shira,Smith,22,151.93,Male
Michal,Miller,26,198.27,Male
Naftali,Jones,62,176.58,Male
Shira,Garcia,63,142.02,Male
Naftali,Johnson,25,121.99,Male
Avi,Brown,20,129.53,Male
Hadas,Davis,41,137.77,Female
Tova,Davis,45,188.76,Male
David,Johnson,57,107.25,Male
Naftali,Miller,54,101.36,Male
Yonatan,Garcia,27,182.62,Male
Nachum,Brown,37,170.84,Male
Miriam,Miller,65,132.91,Male
Noa,Davis,55,169.07,Male
Miriam,Davis,59,122.65,Male
Yakov,Martinez,51,130.03,Male
Michal,Johnson,26,179.84,Male
Michal,Jones,57,175.4,Male
Shira,Garcia,21,104.86,Female
Tamar,Garcia,27,141.82,Male
Yakov,Smith,33,105.89,Male
Miriam,Smith,39,180.81,Male
Asher,Martinez,65,169.36,Male
Naftali,Garcia,69,125.56,Male
Hadas,Smith,37,166.84,Male
David,Jones,62,187.08,Male
Tzvi,Brown,41,169.51,Male
Tzvi,Davis,37,154.18,Male
Naftali,Johnson,30,115.12,Male
Naftali,Brown,23,160.39,Male
Michal,Jones,30,135.3,Male
Tzvi,Martinez,59,127.74,Male
Asher,Williams,57,105.56,Male
Shira,Miller,23,169.71,Male
Asher,Williams,62,192.56,Male
Nachum,Miller,55,188.98,Male
Ayala,Williams,39,187,Male
Yakov,Jones,60,195.43,Male
Hadas,Garcia,22,157.31,Male
Tova,Williams,19,119.93,Male
Avi,Jones,37,160.16,Male
Yakov,Johnson,35,154.69,Male
Shira,Rodriguez,28,194.82,Male
Asher,Miller,49,143.27,Male
Naftali,Johnson,57,127.35,Male
Michal,Williams,41,123.14,Male
Ayala,Brown,56,186.54,Male
David,Williams,66,111.62,Male
Michal,Williams,24,153.62,Male
Tzvi,Garcia,30,150.06,Male
Nachum,Garcia,24,139.68,Male
Shira,Miller,47,116.38,Male
Tzvi,Smith,67,191.73,Male
Naftali,Johnson,35,123.26,Male
Michal,Williams,32,190.72,Male
Yonatan,Miller,36,196.13,Male
Yonatan,Garcia,42,181.16,Male
Yonatan,Williams,21,171.41,Male
Noa,Jones,70,180.08,Male
Nachum,Rodriguez,39,142.17,Male
Naftali,Martinez,28,112.86,Male
Asher,Garcia,34,151.22,Male
Tova,Jones,20,137.56,Male
Shira,Smith,27,199.94,Male
Shira,Davis,60,139.24,Male
Naftali,Garcia,20,134.99,Male
Avi,Williams,18,179.31,Male
Tova,Williams,22,164.54,Male
Miriam,Davis,36,130.91,Male
Tova,Brown,62,164.71,Male
Asher,Miller,23,100.93,Male
Noa,Davis,64,133.48,Male
David,Smith,69,181.63,Male
Noa,Martinez,59,136.81,Male
Miriam,Martinez,70,191.89,Male
David,Miller,43,131.81,Male
Naftali,Garcia,43,179.73,Male
Miriam,Williams,45,147.63,Male
Nachum,Miller,55,165.76,Male
Tzvi,Williams,46,106.49,Male
Hadas,Brown,41,195.48,Male
Tamar,Garcia,68,151.23,Male
Hadas,Davis,56,129.28,Male
Shira,Jones,59,147.57,Male
Michal,Williams,52,119.62,Male
Ayala,Williams,42,108.68,Female
Ayala,Rodriguez,23,102.31,Female
Tamar,Rodriguez,41,134.93,Male
Asher,Johnson,37,140.17,Male
Noa,Miller,27,127.81,Male
Nachum,Davis,43,155.93,Male
Naftali,Martinez,23,109.35,Male
Michal,Rodriguez,50,153.77,Male
Asher,Rodriguez,59,186.89,Male
Miriam,Brown,20,123.24,Male
Asher,Brown,70,142.99,Male
Yakov,Jones,68,107.69,Male
Noa,Jones,25,151.91,Male
Noa,Jones,39,189.96,Male
Asher,Miller,45,117.8,Male
Asher,Miller,57,110.81,Male
Tamar,Brown,54,191.98,Male
Nachum,Garcia,37,197.36,Male
Tova,Miller,33,151.95,Male
Ayala,Williams,56,111.12,Female
Shira,Brown,34,100.54,Female
Naftali,Rodriguez,39,153.25,Male
Tzvi,Johnson,43,151.68,Male
Ayala,Williams,40,113.59,Male
Miriam,Rodriguez,40,111.44,Male
Noa,Martinez,21,135.83,Male
Noa,Johnson,32,186.03,Male
Yakov,Miller,32,174.72,Male
Avi,Brown,55,126.9,Male
Yonatan,Miller,49,195.54,Male
Miriam,Smith,33,181.84,Male
Avi,Brown,54,173.73,Male
Naftali,Smith,50,168.8,Male
Tzvi,Miller,44,115.01,Male
Ayala,Brown,50,127.04,Male
Noa,Rodriguez,69,191.79,Male
Avi,Garcia,50,105.89,Male
Naftali,Brown,64,104.3,Male
Asher,Garcia,55,172.14,Male
Yakov,Smith,47,183.23,Male
Noa,Smith,31,100.95,Male
Avi,Miller,18,189.82,Male
Tamar,Johnson,46,103.01,Male
Tamar,Smith,35,172.97,Female
Shira,Rodriguez,62,177.74,Male
Avi,Brown,23,126.96,Male
Ayala,Jones,65,114.8,Male
Noa,Miller,68,125.53,Male
Yonatan,Brown,66,164.76,Male
Tamar,Martinez,20,138.34,Female
Tzvi,Martinez,44,130.95,Male
Yonatan,Martinez,27,155.96,Male
Noa,Williams,40,194.39,Male
Miriam,Brown,60,153.18,Male
Tova,Rodriguez,55,170.87,Male
Shira,Miller,29,105.94,Male
David,Brown,24,187.21,Male
Naftali,Brown,28,144.58,Male
David,Rodriguez,48,157.63,Male
Avi,Brown,34,147.53,Male
Shira,Rodriguez,35,171.87,Male
David,Davis,67,120.65,Male
Nachum,Davis,27,116.05,Male
Michal,Jones,48,169.72,Male
Michal,Davis,36,124.95,Male
Yonatan,Garcia,35,149.39,Male
Nachum,Jones,52,110.79,Male
Ayala,Davis,52,171,Male
Yonatan,Miller,36,174.99,Male
Michal,Martinez,58,123.43,Male
Miriam,Rodriguez,49,183.2,Female
Asher,Brown,26,135.15,Male
Avi,Rodriguez,42,170.48,Male
David,Martinez,31,176.71,Male
Tamar,Williams,50,170.91,Female
Nachum,Jones,59,171.13,Male
Miriam,Johnson,38,119.66,Male
Noa,Smith,54,131.4,Male
Nachum,Davis,35,111.8,Male
Tzvi,Brown,20,103.9,Male
Noa,Garcia,57,100.25,Male
Tova,Garcia,50,134.91,Male
Avi,Martinez,68,118.92,Male
Tzvi,Jones,69,172.46,Male
Noa,Brown,63,108.78,Male
